Empresa de Pesquisa Energética - EPE,,,,,,,,,,,,,,
Consumo de energia elétrica na rede (MWh),,,,,,,,,,,,,,
Sistema SIMPLES,,,,,,,,,,,,,,
,,,,,,,,,,,,,,
,2023*,,,,,,,,,,,,,
TOTAL INDUSTRIAL (CATIVO + LIVRE),JAN,FEV,MAR,ABR,MAI,JUN,JUL,AGO,SET,OUT,NOV,DEZ,ANO,
," 14,941,968 "," 14,596,063 "," 15,970,242 "," 15,785,974 "," 15,750,528 "," 15,593,824 "," 15,694,209 "," 16,118,271 "," 15,975,356 ", -   , -   , -   ," 140,426,435 ",
REGIÃO GEOGRÁFICA,,,,,,,,,,,,,,
Norte," 1,422,542 "," 1,294,578 "," 1,459,727 "," 1,386,998 "," 1,458,599 "," 1,404,862 "," 1,449,056 "," 1,465,097 "," 1,476,540 ", -   , -   , -   ," 12,817,999 ",
Nordeste," 2,210,392 "," 2,140,253 "," 2,308,471 "," 2,364,392 "," 2,294,264 "," 2,250,218 "," 2,233,114 "," 2,304,358 "," 2,361,536 ", -   , -   , -   ," 20,466,998 ",
Sudeste," 7,617,021 "," 7,546,517 "," 8,129,322 "," 8,038,928 "," 8,030,055 "," 8,050,282 "," 8,115,667 "," 8,319,871 "," 8,174,917 ", -   , -   , -   ," 72,022,580 ",
Sul," 2,835,735 "," 2,772,219 "," 3,190,782 "," 3,123,009 "," 3,052,545 "," 2,989,376 "," 3,006,072 "," 3,086,789 "," 3,041,238 ", -   , -   , -   ," 27,097,764 ",
Centro-Oeste," 856,277 "," 842,497 "," 881,941 "," 872,647 "," 915,065 "," 899,087 "," 890,300 "," 942,155 "," 921,125 ", -   , -   , -   ," 8,021,093 ",
SUBSISTEMA ELÉTRICO,,,,,,,,,,,,,,
Sistemas Isolados," 11,697 "," 10,320 "," 11,637 "," 11,169 "," 11,477 "," 9,938 "," 10,795 "," 11,081 "," 10,612 ", -   , -   , -   ," 98,727 ",
Norte," 1,800,224 "," 1,666,105 "," 1,905,095 "," 1,832,571 "," 1,907,132 "," 1,818,900 "," 1,884,839 "," 1,902,465 "," 1,897,534 ", -   , -   , -   ," 16,614,866 ",
Nordeste," 1,776,650 "," 1,715,770 "," 1,805,126 "," 1,862,348 "," 1,786,802 "," 1,779,762 "," 1,739,105 "," 1,805,550 "," 1,880,531 ", -   , -   , -   ," 16,151,644 ",
Sudeste/C.Oeste," 8,517,662 "," 8,431,649 "," 9,057,603 "," 8,956,877 "," 8,992,571 "," 8,995,849 "," 9,053,398 "," 9,312,385 "," 9,145,441 ", -   , -   , -   ," 80,463,434 ",
Sul," 2,835,735 "," 2,772,219 "," 3,190,782 "," 3,123,009 "," 3,052,545 "," 2,989,376 "," 3,006,072 "," 3,086,789 "," 3,041,238 ", -   , -   , -   ," 27,097,764 ",
*Dados preliminares (última atualização: 23/10/2023),,,,,,,,,,,,,,
,2022,,,,,,,,,,,,,
TOTAL INDUSTRIAL (CATIVO + LIVRE),JAN,FEV,MAR,ABR,MAI,JUN,JUL,AGO,SET,OUT,NOV,DEZ,ANO,
," 14,777,434 "," 14,432,879 "," 15,484,490 "," 15,434,172 "," 15,500,310 "," 15,368,105 "," 15,797,975 "," 16,011,655 "," 15,676,464 "," 15,712,115 "," 15,393,376 "," 14,917,889 "," 184,506,863 ",
REGIÃO GEOGRÁFICA,,,,,,,,,,,,,,
Norte," 1,330,047 "," 1,157,059 "," 1,245,408 "," 1,220,482 "," 1,301,786 "," 1,338,989 "," 1,434,486 "," 1,470,434 "," 1,382,033 "," 1,406,310 "," 1,397,504 "," 1,418,518 "," 16,103,055 ",
Nordeste," 1,905,277 "," 1,847,027 "," 1,966,527 "," 1,962,955 "," 1,931,990 "," 1,959,080 "," 2,110,243 "," 2,168,969 "," 2,111,745 "," 2,203,981 "," 2,129,110 "," 2,133,712 "," 24,430,616 ",
Sudeste," 7,806,272 "," 7,655,392 "," 8,275,731 "," 8,334,289 "," 8,345,363 "," 8,124,391 "," 8,270,863 "," 8,335,419 "," 8,241,268 "," 8,239,363 "," 8,038,235 "," 7,684,234 "," 97,350,820 ",
Sul," 2,899,932 "," 2,960,134 "," 3,135,339 "," 3,036,337 "," 3,042,105 "," 3,040,624 "," 3,079,402 "," 3,107,917 "," 3,025,423 "," 2,969,397 "," 2,954,303 "," 2,816,971 "," 36,067,885 ",
Centro-Oeste," 835,906 "," 813,267 "," 861,485 "," 880,109 "," 879,066 "," 905,022 "," 902,980 "," 928,916 "," 915,996 "," 893,064 "," 874,224 "," 864,454 "," 10,554,488 ",
SUBSISTEMA ELÉTRICO,,,,,,,,,,,,,,
Sistemas Isolados," 11,804 "," 11,821 "," 11,842 "," 11,754 "," 11,514 "," 10,428 "," 12,093 "," 13,002 "," 13,057 "," 12,176 "," 13,024 "," 12,641 "," 145,155 ",
Norte," 1,416,791 "," 1,234,004 "," 1,318,658 "," 1,303,725 "," 1,405,586 "," 1,472,064 "," 1,611,343 "," 1,686,140 "," 1,628,227 "," 1,698,867 "," 1,716,312 "," 1,774,420 "," 18,266,137 ",
Nordeste," 1,766,914 "," 1,719,153 "," 1,838,545 "," 1,826,956 "," 1,775,072 "," 1,772,619 "," 1,876,282 "," 1,893,180 "," 1,806,833 "," 1,852,775 "," 1,753,537 "," 1,719,736 "," 21,601,600 ",
Sudeste/C.Oeste," 8,681,993 "," 8,507,769 "," 9,180,106 "," 9,255,400 "," 9,266,033 "," 9,072,372 "," 9,218,854 "," 9,311,416 "," 9,202,924 "," 9,178,899 "," 8,956,200 "," 8,594,121 "," 108,426,087 ",
Sul," 2,899,932 "," 2,960,134 "," 3,135,339 "," 3,036,337 "," 3,042,105 "," 3,040,624 "," 3,079,402 "," 3,107,917 "," 3,025,423 "," 2,969,397 "," 2,954,303 "," 2,816,971 "," 36,067,885 ",
,,,,,,,,,,,,,,
,2021,,,,,,,,,,,,,
TOTAL INDUSTRIAL (CATIVO + LIVRE),JAN,FEV,MAR,ABR,MAI,JUN,JUL,AGO,SET,OUT,NOV,DEZ,ANO,
," 14,847,450 "," 14,391,461 "," 15,593,368 "," 15,213,652 "," 15,261,850 "," 14,999,102 "," 15,305,224 "," 15,447,338 "," 15,169,573 "," 15,543,851 "," 15,358,428 "," 15,074,144 "," 182,205,443 ",
REGIÃO GEOGRÁFICA,,,,,,,,,,,,,,
Norte," 1,420,062 "," 1,351,394 "," 1,460,890 "," 1,465,723 "," 1,517,702 "," 1,470,003 "," 1,507,508 "," 1,506,447 "," 1,466,344 "," 1,501,256 "," 1,515,797 "," 1,532,973 "," 17,716,100 ",
Nordeste," 1,597,114 "," 1,546,676 "," 1,646,510 "," 1,603,957 "," 1,695,542 "," 1,554,999 "," 1,638,090 "," 1,643,266 "," 1,560,590 "," 1,638,426 "," 1,621,671 "," 1,690,284 "," 19,437,125 ",
Sudeste," 7,342,032 "," 7,060,448 "," 7,735,115 "," 7,476,457 "," 7,360,409 "," 7,313,071 "," 7,397,076 "," 7,502,569 "," 7,468,261 "," 7,571,531 "," 7,474,101 "," 7,328,130 "," 89,029,200 ",
Sul," 3,386,934 "," 3,354,793 "," 3,576,669 "," 3,541,335 "," 3,495,286 "," 3,459,885 "," 3,549,747 "," 3,576,477 "," 3,496,867 "," 3,576,053 "," 3,538,513 "," 3,347,164 "," 41,899,722 ",
Centro-Oeste," 1,101,307 "," 1,078,150 "," 1,174,184 "," 1,126,179 "," 1,192,912 "," 1,201,143 "," 1,212,804 "," 1,218,579 "," 1,177,512 "," 1,256,585 "," 1,208,346 "," 1,175,594 "," 14,123,296 ",
SUBSISTEMA ELÉTRICO,,,,,,,,,,,,,,
Sistemas Isolados," 1,683,135 "," 1,587,763 "," 1,719,522 "," 1,705,027 "," 1,753,445 "," 1,697,039 "," 1,733,699 "," 1,736,035 "," 1,696,845 "," 1,733,219 "," 1,731,913 "," 1,745,878 "," 20,523,521 ",
Norte," 288,550 "," 274,955 "," 300,044 "," 305,661 "," 314,360 "," 307,212 "," 324,022 "," 324,377 "," 315,639 "," 328,361 "," 327,049 "," 326,411 "," 3,736,640 ",
Nordeste," 1,135,395 "," 1,117,578 "," 1,189,901 "," 1,147,831 "," 1,230,596 "," 1,104,832 "," 1,176,167 "," 1,174,630 "," 1,100,530 "," 1,162,713 "," 1,165,984 "," 1,238,939 "," 13,945,095 ",
Sudeste/C.Oeste," 8,353,435 "," 8,056,372 "," 8,807,232 "," 8,513,798 "," 8,468,163 "," 8,430,134 "," 8,521,589 "," 8,635,820 "," 8,559,692 "," 8,743,505 "," 8,594,969 "," 8,415,753 "," 102,100,464 ",
Sul," 3,386,934 "," 3,354,793 "," 3,576,669 "," 3,541,335 "," 3,495,286 "," 3,459,885 "," 3,549,747 "," 3,576,477 "," 3,496,867 "," 3,576,053 "," 3,538,513 "," 3,347,164 "," 41,899,722 ",
,,,,,,,,,,,,,,
,2020,,,,,,,,,,,,,
TOTAL INDUSTRIAL (CATIVO + LIVRE),JAN,FEV,MAR,ABR,MAI,JUN,JUL,AGO,SET,OUT,NOV,DEZ,ANO,
," 13,530,236 "," 13,897,740 "," 14,127,338 "," 12,167,508 "," 12,315,381 "," 12,550,701 "," 13,911,936 "," 14,539,356 "," 14,654,017 "," 15,296,472 "," 14,792,681 "," 14,668,954 "," 166,452,319 ",
REGIÃO GEOGRÁFICA,,,,,,,,,,,,,,
Norte," 1,367,162 "," 1,292,651 "," 1,281,543 "," 1,200,502 "," 1,251,937 "," 1,255,953 "," 1,330,938 "," 1,409,599 "," 1,388,327 "," 1,454,619 "," 1,373,970 "," 1,412,629 "," 16,019,829 ",
Nordeste," 1,541,990 "," 1,504,045 "," 1,458,996 "," 1,185,337 "," 1,277,156 "," 1,370,807 "," 1,516,707 "," 1,494,615 "," 1,539,377 "," 1,613,229 "," 1,473,928 "," 1,521,821 "," 17,498,007 ",
Sudeste," 6,459,596 "," 6,756,333 "," 6,961,120 "," 5,919,077 "," 5,841,928 "," 5,947,613 "," 6,673,638 "," 7,114,034 "," 7,120,522 "," 7,459,927 "," 7,280,904 "," 7,169,326 "," 80,704,018 ",
Sul," 3,112,596 "," 3,282,804 "," 3,276,944 "," 2,837,084 "," 2,855,534 "," 2,881,422 "," 3,204,463 "," 3,320,020 "," 3,405,185 "," 3,556,549 "," 3,520,631 "," 3,413,905 "," 38,667,138 ",
Centro-Oeste," 1,048,892 "," 1,061,907 "," 1,148,734 "," 1,025,508 "," 1,088,826 "," 1,094,906 "," 1,186,191 "," 1,201,089 "," 1,200,606 "," 1,212,149 "," 1,143,248 "," 1,151,273 "," 13,563,328 ",
SUBSISTEMA ELÉTRICO,,,,,,,,,,,,,,
Sistemas Isolados," 1,647,928 "," 1,563,863 "," 1,548,218 "," 1,397,511 "," 1,486,272 "," 1,502,234 "," 1,586,687 "," 1,666,067 "," 1,654,250 "," 1,745,254 "," 1,625,491 "," 1,642,701 "," 19,066,475 ",
Norte," 244,784 "," 244,635 "," 261,568 "," 235,636 "," 239,015 "," 255,774 "," 286,634 "," 291,680 "," 286,531 "," 277,314 "," 264,915 "," 278,917 "," 3,167,403 ",
Nordeste," 1,094,236 "," 1,065,165 "," 1,013,793 "," 824,250 "," 883,513 "," 954,831 "," 1,058,393 "," 1,028,125 "," 1,072,249 "," 1,133,740 "," 1,036,607 "," 1,097,476 "," 12,262,378 ",
Sudeste/C.Oeste," 7,430,693 "," 7,741,273 "," 8,026,815 "," 6,873,027 "," 6,851,046 "," 6,956,440 "," 7,775,760 "," 8,233,464 "," 8,235,801 "," 8,583,615 "," 8,345,036 "," 8,235,956 "," 93,288,926 ",
Sul," 3,112,596 "," 3,282,804 "," 3,276,944 "," 2,837,084 "," 2,855,534 "," 2,881,422 "," 3,204,463 "," 3,320,020 "," 3,405,185 "," 3,556,549 "," 3,520,631 "," 3,413,905 "," 38,667,138 ",
,,,,,,,,,,,,,,
,2019,,,,,,,,,,,,,
TOTAL INDUSTRIAL (CATIVO + LIVRE),JAN,FEV,MAR,ABR,MAI,JUN,JUL,AGO,SET,OUT,NOV,DEZ,ANO,
," 13,891,253 "," 13,540,206 "," 14,045,374 "," 13,899,705 "," 14,198,612 "," 13,827,964 "," 14,096,022 "," 14,185,888 "," 13,865,234 "," 14,399,000 "," 14,157,006 "," 13,594,919 "," 167,701,182 ",
REGIÃO GEOGRÁFICA,,,,,,,,,,,,,,
Norte," 1,171,647 "," 1,049,982 "," 1,161,902 "," 1,088,724 "," 1,180,284 "," 1,221,411 "," 1,283,102 "," 1,326,119 "," 1,284,826 "," 1,352,632 "," 1,321,934 "," 1,381,795 "," 14,824,358 ",
Nordeste," 1,571,850 "," 1,488,322 "," 1,543,454 "," 1,525,212 "," 1,560,457 "," 1,466,378 "," 1,518,578 "," 1,479,325 "," 1,398,276 "," 1,516,334 "," 1,478,825 "," 1,527,234 "," 18,074,245 ",
Sudeste," 6,876,130 "," 6,727,114 "," 6,970,855 "," 6,930,536 "," 7,005,720 "," 6,831,020 "," 6,905,850 "," 6,971,537 "," 6,862,867 "," 7,058,160 "," 6,941,467 "," 6,598,871 "," 82,680,128 ",
Sul," 3,189,367 "," 3,210,593 "," 3,284,984 "," 3,301,736 "," 3,341,045 "," 3,209,910 "," 3,234,956 "," 3,238,891 "," 3,170,025 "," 3,327,608 "," 3,324,797 "," 3,041,973 "," 38,875,887 ",
Centro-Oeste," 1,082,259 "," 1,064,195 "," 1,084,179 "," 1,053,497 "," 1,111,105 "," 1,099,245 "," 1,153,536 "," 1,170,016 "," 1,149,239 "," 1,144,266 "," 1,089,983 "," 1,045,045 "," 13,246,564 ",
SUBSISTEMA ELÉTRICO,,,,,,,,,,,,,,
Sistemas Isolados," 1,425,166 "," 1,303,019 "," 1,426,549 "," 1,358,941 "," 1,465,480 "," 1,471,012 "," 1,555,465 "," 1,593,197 "," 1,555,351 "," 1,639,863 "," 1,598,580 "," 1,652,745 "," 18,045,369 ",
Norte," 246,733 "," 232,872 "," 246,750 "," 241,486 "," 250,791 "," 256,531 "," 263,675 "," 265,515 "," 252,073 "," 261,898 "," 257,598 "," 258,201 "," 3,034,122 ",
Nordeste," 1,145,193 "," 1,078,012 "," 1,105,697 "," 1,089,584 "," 1,101,463 "," 1,033,817 "," 1,052,986 "," 1,022,740 "," 946,314 "," 1,040,219 "," 1,021,585 "," 1,073,058 "," 12,710,668 ",
Sudeste/C.Oeste," 7,884,793 "," 7,715,710 "," 7,981,394 "," 7,907,958 "," 8,039,833 "," 7,856,694 "," 7,988,940 "," 8,065,545 "," 7,941,470 "," 8,129,412 "," 7,954,446 "," 7,568,941 "," 95,035,135 ",
Sul," 3,189,367 "," 3,210,593 "," 3,284,984 "," 3,301,736 "," 3,341,045 "," 3,209,910 "," 3,234,956 "," 3,238,891 "," 3,170,025 "," 3,327,608 "," 3,324,797 "," 3,041,973 "," 38,875,887 ",
,,,,,,,,,,,,,,
,2018,,,,,,,,,,,,,
TOTAL INDUSTRIAL (CATIVO + LIVRE),JAN,FEV,MAR,ABR,MAI,JUN,JUL,AGO,SET,OUT,NOV,DEZ,ANO,
," 13,881,895 "," 13,525,095 "," 14,698,971 "," 14,351,534 "," 13,811,374 "," 13,745,642 "," 14,487,341 "," 14,675,005 "," 14,124,083 "," 14,626,597 "," 14,374,971 "," 13,763,118 "," 170,065,626 ",
REGIÃO GEOGRÁFICA,,,,,,,,,,,,,,
Norte," 1,387,953 "," 1,272,118 "," 1,412,726 "," 1,201,375 "," 1,140,222 "," 1,093,149 "," 1,175,186 "," 1,147,372 "," 1,141,265 "," 1,166,230 "," 1,133,785 "," 1,157,441 "," 14,428,821 ",
Nordeste," 1,489,193 "," 1,358,089 "," 1,478,488 "," 1,534,423 "," 1,570,171 "," 1,525,352 "," 1,642,937 "," 1,653,272 "," 1,524,429 "," 1,597,176 "," 1,594,819 "," 1,568,215 "," 18,536,565 ",
Sudeste," 6,604,939 "," 6,532,410 "," 7,059,975 "," 6,906,168 "," 6,627,395 "," 6,672,747 "," 6,914,781 "," 7,001,535 "," 6,820,517 "," 7,054,656 "," 6,991,448 "," 6,590,123 "," 81,776,695 ",
Sul," 3,392,687 "," 3,396,834 "," 3,665,828 "," 3,629,091 "," 3,422,308 "," 3,399,320 "," 3,627,240 "," 3,695,028 "," 3,502,738 "," 3,631,483 "," 3,518,155 "," 3,320,801 "," 42,201,513 ",
Centro-Oeste," 1,007,123 "," 965,645 "," 1,081,954 "," 1,080,477 "," 1,051,277 "," 1,055,073 "," 1,127,198 "," 1,177,798 "," 1,135,134 "," 1,177,052 "," 1,136,764 "," 1,126,538 "," 13,122,032 ",
SUBSISTEMA ELÉTRICO,,,,,,,,,,,,,,
Sistemas Isolados," 1,633,560 "," 1,508,720 "," 1,654,173 "," 1,449,608 "," 1,381,351 "," 1,321,179 "," 1,418,212 "," 1,404,614 "," 1,367,553 "," 1,413,545 "," 1,385,131 "," 1,388,142 "," 17,325,788 ",
Norte," 248,103 "," 231,449 "," 254,078 "," 245,226 "," 242,548 "," 250,867 "," 267,749 "," 264,815 "," 258,430 "," 258,629 "," 258,242 "," 249,451 "," 3,029,587 ",
Nordeste," 1,065,173 "," 951,642 "," 1,049,029 "," 1,108,329 "," 1,151,176 "," 1,110,730 "," 1,198,802 "," 1,201,417 "," 1,103,414 "," 1,160,288 "," 1,158,360 "," 1,154,485 "," 13,412,846 ",
Sudeste/C.Oeste," 7,542,372 "," 7,436,450 "," 8,075,863 "," 7,919,279 "," 7,613,991 "," 7,663,546 "," 7,975,339 "," 8,109,131 "," 7,891,948 "," 8,162,652 "," 8,055,084 "," 7,650,238 "," 94,095,893 ",
Sul," 3,392,687 "," 3,396,834 "," 3,665,828 "," 3,629,091 "," 3,422,308 "," 3,399,320 "," 3,627,240 "," 3,695,028 "," 3,502,738 "," 3,631,483 "," 3,518,155 "," 3,320,801 "," 42,201,513 ",
,,,,,,,,,,,,,,
,2017,,,,,,,,,,,,,
TOTAL INDUSTRIAL (CATIVO + LIVRE),JAN,FEV,MAR,ABR,MAI,JUN,JUL,AGO,SET,OUT,NOV,DEZ,ANO,
," 13,155,124 "," 13,456,486 "," 13,894,142 "," 14,143,294 "," 13,625,041 "," 13,985,232 "," 14,128,125 "," 14,301,869 "," 14,274,854 "," 14,223,004 "," 14,370,530 "," 14,153,384 "," 167,711,087 ",
REGIÃO GEOGRÁFICA,,,,,,,,,,,,,,
Norte," 1,355,149 "," 1,217,552 "," 1,397,470 "," 1,305,699 "," 1,372,086 "," 1,331,096 "," 1,400,363 "," 1,420,010 "," 1,342,554 "," 1,402,543 "," 1,358,973 "," 1,382,485 "," 16,285,980 ",
Nordeste," 1,586,186 "," 1,474,201 "," 1,626,287 "," 1,512,272 "," 1,540,606 "," 1,575,051 "," 1,665,877 "," 1,661,934 "," 1,558,950 "," 1,677,679 "," 1,609,047 "," 1,584,386 "," 19,072,475 ",
Sudeste," 6,055,420 "," 6,418,195 "," 6,344,176 "," 6,764,060 "," 6,301,798 "," 6,581,876 "," 6,564,499 "," 6,540,745 "," 6,761,315 "," 6,539,728 "," 6,802,771 "," 6,697,597 "," 78,372,179 ",
Sul," 3,177,810 "," 3,381,464 "," 3,513,908 "," 3,537,269 "," 3,373,929 "," 3,469,032 "," 3,444,455 "," 3,581,951 "," 3,541,484 "," 3,537,470 "," 3,554,287 "," 3,467,544 "," 41,580,602 ",
Centro-Oeste," 980,560 "," 965,075 "," 1,012,302 "," 1,023,994 "," 1,036,622 "," 1,028,177 "," 1,052,931 "," 1,097,229 "," 1,070,552 "," 1,065,584 "," 1,045,452 "," 1,021,372 "," 12,399,850 ",
SUBSISTEMA ELÉTRICO,,,,,,,,,,,,,,
Sistemas Isolados," 1,587,904 "," 1,451,903 "," 1,659,607 "," 1,525,908 "," 1,607,179 "," 1,559,639 "," 1,624,727 "," 1,657,259 "," 1,576,687 "," 1,636,822 "," 1,589,132 "," 1,608,957 "," 19,085,724 ",
Norte," 231,016 "," 216,077 "," 235,609 "," 234,513 "," 240,079 "," 244,500 "," 249,446 "," 252,192 "," 250,676 "," 269,256 "," 254,876 "," 259,703 "," 2,937,943 ",
Nordeste," 1,183,794 "," 1,084,898 "," 1,198,964 "," 1,112,538 "," 1,125,107 "," 1,163,006 "," 1,249,593 "," 1,233,648 "," 1,134,473 "," 1,230,465 "," 1,184,190 "," 1,160,605 "," 14,061,280 ",
Sudeste/C.Oeste," 6,974,601 "," 7,322,145 "," 7,286,055 "," 7,733,066 "," 7,278,747 "," 7,549,055 "," 7,559,904 "," 7,576,819 "," 7,771,535 "," 7,548,991 "," 7,788,045 "," 7,656,575 "," 90,045,537 ",
Sul," 3,177,810 "," 3,381,464 "," 3,513,908 "," 3,537,269 "," 3,373,929 "," 3,469,032 "," 3,444,455 "," 3,581,951 "," 3,541,484 "," 3,537,470 "," 3,554,287 "," 3,467,544 "," 41,580,602 ",
,,,,,,,,,,,,,,
,2016,,,,,,,,,,,,,
TOTAL INDUSTRIAL (CATIVO + LIVRE),JAN,FEV,MAR,ABR,MAI,JUN,JUL,AGO,SET,OUT,NOV,DEZ,ANO,
," 12,620,503 "," 13,495,855 "," 13,928,284 "," 13,976,228 "," 13,940,450 "," 13,881,895 "," 14,082,179 "," 14,235,234 "," 14,058,185 "," 13,937,588 "," 13,917,260 "," 13,529,229 "," 165,602,890 ",
REGIÃO GEOGRÁFICA,,,,,,,,,,,,,,
Norte," 1,285,596 "," 1,271,799 "," 1,401,630 "," 1,297,087 "," 1,356,708 "," 1,294,645 "," 1,381,893 "," 1,370,997 "," 1,373,275 "," 1,385,073 "," 1,387,323 "," 1,356,552 "," 16,162,578 ",
Nordeste," 1,571,439 "," 1,560,846 "," 1,643,575 "," 1,513,917 "," 1,657,304 "," 1,577,601 "," 1,638,786 "," 1,648,168 "," 1,582,387 "," 1,626,680 "," 1,610,687 "," 1,577,893 "," 19,209,283 ",
Sudeste," 5,748,924 "," 6,293,932 "," 6,392,389 "," 6,622,466 "," 6,496,703 "," 6,619,607 "," 6,620,027 "," 6,703,561 "," 6,650,129 "," 6,512,324 "," 6,563,699 "," 6,327,644 "," 77,551,405 ",
Sul," 3,035,215 "," 3,341,002 "," 3,427,307 "," 3,474,463 "," 3,371,920 "," 3,388,130 "," 3,392,590 "," 3,445,172 "," 3,422,968 "," 3,356,257 "," 3,351,504 "," 3,285,244 "," 40,291,771 ",
Centro-Oeste," 979,329 "," 1,028,276 "," 1,063,384 "," 1,068,295 "," 1,057,815 "," 1,001,912 "," 1,048,883 "," 1,067,336 "," 1,029,426 "," 1,057,255 "," 1,004,047 "," 981,896 "," 12,387,854 ",
SUBSISTEMA ELÉTRICO,,,,,,,,,,,,,,
Sistemas Isolados," 1,508,796 "," 1,493,017 "," 1,603,001 "," 1,555,230 "," 1,590,191 "," 1,506,670 "," 1,581,271 "," 1,609,562 "," 1,590,428 "," 1,601,342 "," 1,601,731 "," 1,546,486 "," 18,787,725 ",
Norte," 256,969 "," 256,100 "," 306,776 "," 228,176 "," 272,955 "," 274,629 "," 291,251 "," 289,130 "," 275,204 "," 283,045 "," 279,899 "," 279,133 "," 3,293,267 ",
Nordeste," 1,141,324 "," 1,136,687 "," 1,192,127 "," 1,087,150 "," 1,207,170 "," 1,148,945 "," 1,207,560 "," 1,182,225 "," 1,145,827 "," 1,184,272 "," 1,170,881 "," 1,164,595 "," 13,968,763 ",
Sudeste/C.Oeste," 6,678,199 "," 7,269,049 "," 7,399,074 "," 7,631,209 "," 7,498,214 "," 7,563,521 "," 7,609,507 "," 7,709,145 "," 7,623,758 "," 7,512,673 "," 7,513,245 "," 7,253,771 "," 89,261,365 ",
Sul," 3,035,215 "," 3,341,002 "," 3,427,307 "," 3,474,463 "," 3,371,920 "," 3,388,130 "," 3,392,590 "," 3,445,172 "," 3,422,968 "," 3,356,257 "," 3,351,504 "," 3,285,244 "," 40,291,771 ",
,,,,,,,,,,,,,,
,2015,,,,,,,,,,,,,
TOTAL INDUSTRIAL (CATIVO + LIVRE),JAN,FEV,MAR,ABR,MAI,JUN,JUL,AGO,SET,OUT,NOV,DEZ,ANO,
," 13,756,016 "," 14,444,649 "," 14,590,191 "," 14,639,019 "," 14,330,169 "," 14,175,989 "," 13,953,418 "," 14,285,951 "," 14,001,917 "," 14,117,164 "," 13,873,561 "," 13,394,735 "," 169,562,780 ",
REGIÃO GEOGRÁFICA,,,,,,,,,,,,,,
Norte," 1,552,987 "," 1,436,025 "," 1,597,900 "," 1,449,862 "," 1,427,623 "," 1,384,254 "," 1,443,620 "," 1,470,408 "," 1,449,869 "," 1,461,097 "," 1,321,220 "," 1,326,868 "," 17,321,733 ",
Nordeste," 1,729,990 "," 1,648,750 "," 1,791,617 "," 1,729,467 "," 1,782,623 "," 1,724,459 "," 1,689,930 "," 1,723,695 "," 1,601,288 "," 1,678,942 "," 1,638,448 "," 1,593,999 "," 20,333,207 ",
Sudeste," 6,079,089 "," 6,598,620 "," 6,445,973 "," 6,630,266 "," 6,392,362 "," 6,352,774 "," 6,189,856 "," 6,371,859 "," 6,330,734 "," 6,326,497 "," 6,391,493 "," 6,170,738 "," 76,280,260 ",
Sul," 3,316,043 "," 3,675,484 "," 3,591,375 "," 3,707,149 "," 3,597,110 "," 3,606,660 "," 3,489,724 "," 3,569,617 "," 3,474,304 "," 3,471,008 "," 3,471,019 "," 3,281,910 "," 42,251,403 ",
Centro-Oeste," 1,077,908 "," 1,085,770 "," 1,163,326 "," 1,122,275 "," 1,130,451 "," 1,107,843 "," 1,140,287 "," 1,150,372 "," 1,145,722 "," 1,179,621 "," 1,051,382 "," 1,021,220 "," 13,376,177 ",
SUBSISTEMA ELÉTRICO,,,,,,,,,,,,,,
Sistemas Isolados," 1,684,783 "," 1,551,684 "," 1,740,908 "," 1,577,929 "," 1,554,350 "," 1,506,947 "," 1,539,896 "," 1,586,084 "," 1,542,849 "," 1,559,819 "," 1,521,642 "," 1,540,763 "," 18,907,654 ",
Norte," 362,759 "," 361,114 "," 373,226 "," 365,274 "," 381,747 "," 377,806 "," 411,460 "," 395,948 "," 398,081 "," 403,003 "," 299,272 "," 278,681 "," 4,408,371 ",
Nordeste," 1,291,567 "," 1,230,571 "," 1,337,628 "," 1,297,647 "," 1,335,599 "," 1,282,521 "," 1,239,411 "," 1,266,210 "," 1,163,395 "," 1,230,411 "," 1,191,683 "," 1,155,932 "," 15,022,574 ",
Sudeste/C.Oeste," 7,100,865 "," 7,625,796 "," 7,547,054 "," 7,691,020 "," 7,461,363 "," 7,402,056 "," 7,272,926 "," 7,468,092 "," 7,423,288 "," 7,452,924 "," 7,389,946 "," 7,137,449 "," 88,972,778 ",
Sul," 3,316,043 "," 3,675,484 "," 3,591,375 "," 3,707,149 "," 3,597,110 "," 3,606,660 "," 3,489,724 "," 3,569,617 "," 3,474,304 "," 3,471,008 "," 3,471,019 "," 3,281,910 "," 42,251,403 ",
,,,,,,,,,,,,,,
,2014,,,,,,,,,,,,,
TOTAL INDUSTRIAL (CATIVO + LIVRE),JAN,FEV,MAR,ABR,MAI,JUN,JUL,AGO,SET,OUT,NOV,DEZ,ANO,
," 14,536,786 "," 15,107,351 "," 15,079,279 "," 15,260,191 "," 14,942,728 "," 14,683,418 "," 14,553,691 "," 15,134,355 "," 14,974,874 "," 14,929,347 "," 15,255,761 "," 14,647,897 "," 179,105,678 ",
REGIÃO GEOGRÁFICA,,,,,,,,,,,,,,
Norte," 1,763,394 "," 1,611,942 "," 1,752,865 "," 1,648,107 "," 1,579,633 "," 1,471,259 "," 1,548,311 "," 1,589,391 "," 1,581,065 "," 1,584,334 "," 1,539,016 "," 1,559,424 "," 19,228,741 ",
Nordeste," 1,711,126 "," 1,632,897 "," 1,749,902 "," 1,739,775 "," 1,744,925 "," 1,694,049 "," 1,816,696 "," 1,870,813 "," 1,845,966 "," 1,843,846 "," 1,845,916 "," 1,807,894 "," 21,303,805 ",
Sudeste," 6,526,891 "," 7,004,728 "," 6,745,953 "," 6,911,409 "," 6,769,067 "," 6,659,479 "," 6,380,471 "," 6,698,012 "," 6,591,890 "," 6,567,395 "," 6,917,832 "," 6,543,986 "," 80,317,113 ",
Sul," 3,411,575 "," 3,735,614 "," 3,664,004 "," 3,786,000 "," 3,665,956 "," 3,666,645 "," 3,590,565 "," 3,695,913 "," 3,713,558 "," 3,723,500 "," 3,780,852 "," 3,603,848 "," 44,038,030 ",
Centro-Oeste," 1,123,800 "," 1,122,170 "," 1,166,555 "," 1,174,900 "," 1,183,147 "," 1,191,986 "," 1,217,648 "," 1,280,226 "," 1,242,395 "," 1,210,272 "," 1,172,145 "," 1,132,745 "," 14,217,989 ",
SUBSISTEMA ELÉTRICO,,,,,,,,,,,,,,
Sistemas Isolados," 1,904,064 "," 1,764,546 "," 1,936,111 "," 1,832,943 "," 1,772,205 "," 1,659,453 "," 1,767,232 "," 1,784,290 "," 1,766,998 "," 1,771,011 "," 1,740,238 "," 1,742,498 "," 21,441,589 ",
Norte," 374,050 "," 358,687 "," 366,851 "," 363,901 "," 358,036 "," 342,318 "," 356,076 "," 393,913 "," 394,667 "," 397,922 "," 382,746 "," 397,689 "," 4,486,856 ",
Nordeste," 1,244,246 "," 1,172,231 "," 1,249,189 "," 1,241,169 "," 1,242,493 "," 1,215,328 "," 1,299,709 "," 1,338,924 "," 1,316,184 "," 1,313,473 "," 1,314,406 "," 1,283,923 "," 15,231,275 ",
Sudeste/C.Oeste," 7,602,851 "," 8,076,273 "," 7,863,124 "," 8,036,178 "," 7,904,038 "," 7,799,674 "," 7,540,109 "," 7,921,315 "," 7,783,467 "," 7,723,441 "," 8,037,519 "," 7,619,939 "," 93,907,928 ",
Sul," 3,411,575 "," 3,735,614 "," 3,664,004 "," 3,786,000 "," 3,665,956 "," 3,666,645 "," 3,590,565 "," 3,695,913 "," 3,713,558 "," 3,723,500 "," 3,780,852 "," 3,603,848 "," 44,038,030 ",
,,,,,,,,,,,,,,
,2013,,,,,,,,,,,,,
TOTAL INDUSTRIAL (CATIVO + LIVRE),JAN,FEV,MAR,ABR,MAI,JUN,JUL,AGO,SET,OUT,NOV,DEZ,ANO,
," 14,369,522 "," 14,790,315 "," 15,148,031 "," 15,592,240 "," 15,569,364 "," 15,326,058 "," 15,490,485 "," 15,886,314 "," 15,593,707 "," 15,786,696 "," 15,810,386 "," 15,321,439 "," 184,684,557 ",
REGIÃO GEOGRÁFICA,,,,,,,,,,,,,,
Norte," 1,660,992 "," 1,520,061 "," 1,690,635 "," 1,663,976 "," 1,639,504 "," 1,570,768 "," 1,825,326 "," 1,810,254 "," 1,724,518 "," 1,742,301 "," 1,686,009 "," 1,777,753 "," 20,312,097 ",
Nordeste," 1,677,049 "," 1,597,890 "," 1,670,330 "," 1,709,533 "," 1,711,650 "," 1,649,841 "," 1,737,513 "," 1,721,675 "," 1,684,175 "," 1,776,131 "," 1,701,809 "," 1,719,025 "," 20,356,621 ",
Sudeste," 6,674,125 "," 7,000,392 "," 7,041,680 "," 7,287,488 "," 7,259,759 "," 7,235,950 "," 6,997,029 "," 7,282,145 "," 7,234,899 "," 7,248,631 "," 7,342,007 "," 6,971,108 "," 85,575,213 ",
Sul," 3,302,008 "," 3,599,645 "," 3,636,391 "," 3,767,486 "," 3,778,726 "," 3,742,913 "," 3,749,248 "," 3,847,270 "," 3,781,442 "," 3,813,543 "," 3,867,264 "," 3,677,504 "," 44,563,440 ",
Centro-Oeste," 1,055,348 "," 1,072,327 "," 1,108,995 "," 1,163,757 "," 1,179,725 "," 1,126,586 "," 1,181,369 "," 1,224,970 "," 1,168,673 "," 1,206,090 "," 1,213,297 "," 1,176,049 "," 13,877,186 ",
SUBSISTEMA ELÉTRICO,,,,,,,,,,,,,,
Sistemas Isolados," 1,830,804 "," 1,689,407 "," 1,863,305 "," 1,845,469 "," 1,819,382 "," 1,723,668 "," 1,994,828 "," 2,006,203 "," 1,918,170 "," 1,931,480 "," 1,874,162 "," 1,909,034 "," 22,405,912 ",
Norte," 360,990 "," 345,422 "," 357,309 "," 352,635 "," 359,951 "," 343,669 "," 375,663 "," 381,321 "," 346,241 "," 374,453 "," 351,898 "," 364,083 "," 4,313,635 ",
Nordeste," 1,198,760 "," 1,140,635 "," 1,198,938 "," 1,235,762 "," 1,228,067 "," 1,207,435 "," 1,237,383 "," 1,200,804 "," 1,183,487 "," 1,252,216 "," 1,214,292 "," 1,239,215 "," 14,536,994 ",
Sudeste/C.Oeste," 7,676,960 "," 8,015,206 "," 8,092,088 "," 8,390,888 "," 8,383,238 "," 8,308,373 "," 8,133,363 "," 8,450,716 "," 8,364,367 "," 8,415,004 "," 8,502,770 "," 8,131,603 "," 98,864,576 ",
Sul," 3,302,008 "," 3,599,645 "," 3,636,391 "," 3,767,486 "," 3,778,726 "," 3,742,913 "," 3,749,248 "," 3,847,270 "," 3,781,442 "," 3,813,543 "," 3,867,264 "," 3,677,504 "," 44,563,440 ",
,,,,,,,,,,,,,,
,2012,,,,,,,,,,,,,
TOTAL INDUSTRIAL (CATIVO + LIVRE),JAN,FEV,MAR,ABR,MAI,JUN,JUL,AGO,SET,OUT,NOV,DEZ,ANO,
," 14,567,025 "," 15,059,393 "," 15,578,758 "," 15,530,109 "," 15,264,202 "," 15,158,828 "," 15,213,922 "," 15,627,848 "," 15,573,061 "," 15,547,744 "," 15,470,109 "," 14,833,841 "," 183,424,839 ",
REGIÃO GEOGRÁFICA,,,,,,,,,,,,,,
NORTE," 1,831,028 "," 1,744,185 "," 1,876,067 "," 1,778,834 "," 1,822,547 "," 1,703,004 "," 1,733,348 "," 1,744,877 "," 1,703,041 "," 1,721,464 "," 1,632,925 "," 1,662,567 "," 20,953,887 ",
NORDESTE," 1,547,756 "," 1,538,434 "," 1,620,729 "," 1,597,331 "," 1,609,416 "," 1,490,763 "," 1,614,467 "," 1,666,929 "," 1,667,562 "," 1,654,663 "," 1,671,687 "," 1,639,575 "," 19,319,312 ",
SUDESTE," 6,886,545 "," 7,219,086 "," 7,297,782 "," 7,458,263 "," 7,077,704 "," 7,253,337 "," 7,139,839 "," 7,384,572 "," 7,405,454 "," 7,372,669 "," 7,376,331 "," 6,825,667 "," 86,697,248 ",
SUL," 3,255,870 "," 3,499,724 "," 3,643,721 "," 3,634,704 "," 3,620,812 "," 3,615,131 "," 3,616,059 "," 3,700,981 "," 3,681,104 "," 3,635,728 "," 3,712,409 "," 3,584,544 "," 43,200,787 ",
C.OESTE," 1,045,826 "," 1,057,964 "," 1,140,459 "," 1,060,977 "," 1,133,723 "," 1,096,593 "," 1,110,209 "," 1,130,489 "," 1,115,900 "," 1,163,220 "," 1,076,757 "," 1,121,488 "," 13,253,605 ",
SUBSISTEMA ELÉTRICO,,,,,,,,,,,,,,
Sistemas Isolados," 1,930,952 "," 1,852,887 "," 1,980,246 "," 1,926,490 "," 1,964,788 "," 1,826,071 "," 1,873,326 "," 1,885,629 "," 1,874,484 "," 1,904,535 "," 1,819,956 "," 1,832,243 "," 22,671,607 ",
Norte," 365,036 "," 350,644 "," 361,742 "," 358,455 "," 368,790 "," 348,248 "," 361,213 "," 368,983 "," 370,317 "," 380,132 "," 362,391 "," 354,399 "," 4,350,350 ",
Nordeste," 1,130,007 "," 1,131,278 "," 1,195,152 "," 1,141,375 "," 1,146,804 "," 1,069,545 "," 1,168,192 "," 1,211,027 "," 1,180,565 "," 1,148,951 "," 1,174,461 "," 1,173,732 "," 13,871,089 ",
Sudeste/C.Oeste," 7,885,160 "," 8,224,860 "," 8,397,897 "," 8,469,085 "," 8,163,008 "," 8,299,833 "," 8,195,132 "," 8,461,228 "," 8,466,591 "," 8,478,398 "," 8,400,892 "," 7,888,923 "," 99,331,006 ",
Sul," 3,255,870 "," 3,499,724 "," 3,643,721 "," 3,634,704 "," 3,620,812 "," 3,615,131 "," 3,616,059 "," 3,700,981 "," 3,681,104 "," 3,635,728 "," 3,712,409 "," 3,584,544 "," 43,200,787 ",
,,,,,,,,,,,,,,
,2011,,,,,,,,,,,,,
TOTAL INDUSTRIAL (CATIVO + LIVRE),JAN,FEV,MAR,ABR,MAI,JUN,JUL,AGO,SET,OUT,NOV,DEZ,ANO,
," 14,467,186 "," 14,486,700 "," 15,188,345 "," 15,334,508 "," 15,254,580 "," 15,387,057 "," 15,435,674 "," 15,853,166 "," 15,731,400 "," 15,670,618 "," 15,484,260 "," 15,282,054 "," 183,575,548 ",
REGIÃO GEOGRÁFICA,,,,,,,,,,,,,,
NORTE," 1,803,383 "," 1,645,210 "," 1,850,994 "," 1,808,099 "," 1,861,067 "," 1,825,361 "," 1,890,231 "," 1,893,443 "," 1,823,120 "," 1,889,036 "," 1,795,254 "," 1,845,304 "," 21,930,502 ",
NORDESTE," 1,455,306 "," 1,333,500 "," 1,573,254 "," 1,555,252 "," 1,521,596 "," 1,503,924 "," 1,583,786 "," 1,651,954 "," 1,582,996 "," 1,585,150 "," 1,539,222 "," 1,509,631 "," 18,395,571 ",
SUDESTE," 6,911,038 "," 7,046,717 "," 7,129,304 "," 7,369,814 "," 7,194,158 "," 7,395,712 "," 7,301,842 "," 7,558,457 "," 7,585,852 "," 7,466,055 "," 7,532,697 "," 7,269,796 "," 87,761,442 ",
SUL," 3,367,685 "," 3,525,052 "," 3,612,271 "," 3,603,402 "," 3,635,724 "," 3,644,842 "," 3,597,746 "," 3,685,624 "," 3,658,191 "," 3,654,776 "," 3,538,376 "," 3,553,105 "," 43,076,794 ",
C.OESTE," 929,774 "," 936,221 "," 1,022,522 "," 997,941 "," 1,042,035 "," 1,017,218 "," 1,062,069 "," 1,063,688 "," 1,081,241 "," 1,075,601 "," 1,078,711 "," 1,104,218 "," 12,411,239 ",
SUBSISTEMA ELÉTRICO,,,,,,,,,,,,,,
Sistemas Isolados," 1,891,834 "," 1,750,574 "," 1,977,562 "," 1,931,670 "," 1,981,179 "," 1,927,181 "," 1,991,515 "," 2,024,004 "," 1,934,782 "," 2,007,368 "," 1,913,473 "," 1,946,608 "," 23,277,750 ",
Norte," 364,673 "," 345,899 "," 366,043 "," 352,901 "," 365,378 "," 347,416 "," 365,548 "," 374,611 "," 362,903 "," 368,605 "," 346,514 "," 353,662 "," 4,314,153 ",
Nordeste," 1,046,990 "," 929,984 "," 1,132,399 "," 1,135,054 "," 1,089,170 "," 1,104,046 "," 1,163,647 "," 1,192,731 "," 1,153,254 "," 1,144,316 "," 1,121,737 "," 1,102,404 "," 13,315,732 ",
Sudeste/C.Oeste," 7,796,004 "," 7,935,191 "," 8,100,070 "," 8,311,481 "," 8,183,129 "," 8,363,572 "," 8,317,218 "," 8,576,196 "," 8,622,270 "," 8,495,553 "," 8,564,160 "," 8,326,275 "," 99,591,119 ",
Sul," 3,367,685 "," 3,525,052 "," 3,612,271 "," 3,603,402 "," 3,635,724 "," 3,644,842 "," 3,597,746 "," 3,685,624 "," 3,658,191 "," 3,654,776 "," 3,538,376 "," 3,553,105 "," 43,076,794 ",
,,,,,,,,,,,,,,
,2010,,,,,,,,,,,,,
TOTAL INDUSTRIAL (CATIVO + LIVRE),JAN,FEV,MAR,ABR,MAI,JUN,JUL,AGO,SET,OUT,NOV,DEZ,ANO,
," 13,424,547 "," 14,077,520 "," 14,765,879 "," 14,921,086 "," 15,025,175 "," 15,179,562 "," 15,303,363 "," 15,456,385 "," 15,405,246 "," 15,434,091 "," 15,316,639 "," 15,168,814 "," 179,478,307 ",
REGIÃO GEOGRÁFICA,,,,,,,,,,,,,,
Norte," 1,721,056 "," 1,594,010 "," 1,747,632 "," 1,677,200 "," 1,746,886 "," 1,715,665 "," 1,776,325 "," 1,793,283 "," 1,756,937 "," 1,803,423 "," 1,742,706 "," 1,806,191 "," 20,881,314 ",
Nordeste," 1,534,670 "," 1,543,071 "," 1,688,673 "," 1,597,801 "," 1,661,722 "," 1,651,763 "," 1,667,907 "," 1,641,034 "," 1,648,420 "," 1,697,768 "," 1,612,973 "," 1,507,107 "," 19,452,909 ",
Sudeste," 6,281,945 "," 6,709,035 "," 6,918,150 "," 7,207,152 "," 7,023,690 "," 7,225,622 "," 7,217,916 "," 7,394,330 "," 7,385,934 "," 7,306,908 "," 7,370,787 "," 7,282,288 "," 85,323,757 ",
Sul," 3,013,076 "," 3,363,572 "," 3,492,550 "," 3,531,652 "," 3,672,762 "," 3,642,029 "," 3,674,334 "," 3,662,324 "," 3,662,952 "," 3,679,691 "," 3,671,211 "," 3,637,120 "," 42,703,273 ",
Centro-Oeste," 873,800 "," 867,832 "," 918,874 "," 907,281 "," 920,115 "," 944,483 "," 966,881 "," 965,414 "," 951,003 "," 946,301 "," 918,962 "," 936,108 "," 11,117,054 ",
SUBSISTEMA ELÉTRICO,,,,,,,,,,,,,,
Sistemas Isolados," 1,806,734 "," 1,693,585 "," 1,859,884 "," 1,787,085 "," 1,856,827 "," 1,833,401 "," 1,885,727 "," 1,944,884 "," 1,892,653 "," 1,937,718 "," 1,893,391 "," 1,926,160 "," 22,318,049 ",
Norte," 321,763 "," 324,448 "," 362,149 "," 337,246 "," 350,061 "," 354,224 "," 368,208 "," 371,455 "," 365,737 "," 368,891 "," 360,001 "," 363,627 "," 4,247,810 ",
Nordeste," 1,162,807 "," 1,158,238 "," 1,255,272 "," 1,194,391 "," 1,240,819 "," 1,218,458 "," 1,231,262 "," 1,160,162 "," 1,186,955 "," 1,230,285 "," 1,136,563 "," 1,061,575 "," 14,236,787 ",
Sudeste/C.Oeste," 7,120,167 "," 7,537,677 "," 7,796,024 "," 8,070,712 "," 7,904,706 "," 8,131,450 "," 8,143,832 "," 8,317,560 "," 8,296,949 "," 8,217,506 "," 8,255,473 "," 8,180,332 "," 95,972,388 ",
Sul," 3,013,076 "," 3,363,572 "," 3,492,550 "," 3,531,652 "," 3,672,762 "," 3,642,029 "," 3,674,334 "," 3,662,324 "," 3,662,952 "," 3,679,691 "," 3,671,211 "," 3,637,120 "," 42,703,273 ",
,,,,,,,,,,,,,,
,2009,,,,,,,,,,,,,
TOTAL INDUSTRIAL (CATIVO + LIVRE),JAN,FEV,MAR,ABR,MAI,JUN,JUL,AGO,SET,OUT,NOV,DEZ,ANO,
," 11,923,920 "," 12,337,343 "," 13,049,483 "," 13,199,596 "," 12,976,381 "," 13,216,791 "," 13,610,773 "," 14,061,451 "," 14,227,326 "," 14,551,750 "," 14,415,204 "," 14,228,645 "," 161,798,662 ",
REGIÃO GEOGRÁFICA,,,,,,,,,,,,,,
Norte," 1,694,541 "," 1,439,474 "," 1,587,365 "," 1,572,446 "," 1,641,141 "," 1,622,321 "," 1,656,220 "," 1,640,310 "," 1,599,429 "," 1,654,047 "," 1,643,106 "," 1,679,027 "," 19,429,427 ",
Nordeste," 1,354,410 "," 1,371,458 "," 1,507,491 "," 1,426,410 "," 1,385,115 "," 1,421,152 "," 1,486,083 "," 1,561,211 "," 1,587,911 "," 1,629,508 "," 1,535,085 "," 1,571,477 "," 17,837,311 ",
Sudeste," 5,525,526 "," 5,808,892 "," 5,945,376 "," 6,231,097 "," 6,105,771 "," 6,208,867 "," 6,267,222 "," 6,605,945 "," 6,740,456 "," 6,861,086 "," 6,954,619 "," 6,696,470 "," 75,951,328 ",
Sul," 2,719,545 "," 3,014,269 "," 3,256,574 "," 3,197,900 "," 3,090,050 "," 3,189,258 "," 3,316,931 "," 3,337,129 "," 3,371,910 "," 3,440,774 "," 3,397,337 "," 3,396,186 "," 38,727,863 ",
Centro-Oeste," 629,898 "," 703,250 "," 752,677 "," 771,743 "," 754,304 "," 775,193 "," 884,317 "," 916,856 "," 927,620 "," 966,335 "," 885,056 "," 885,485 "," 9,852,733 ",
SUBSISTEMA ELÉTRICO,,,,,,,,,,,,,,
Sistemas Isolados," 1,815,167 "," 1,580,522 "," 1,756,637 "," 1,725,081 "," 1,789,286 "," 1,801,230 "," 1,807,947 "," 1,804,872 "," 1,773,819 "," 1,815,451 "," 1,767,062 "," 1,816,099 "," 21,253,173 ",
Norte," 283,702 "," 246,499 "," 270,710 "," 259,411 "," 255,900 "," 260,957 "," 290,027 "," 285,988 "," 287,924 "," 306,638 "," 309,966 "," 312,673 "," 3,370,395 ",
Nordeste," 1,005,121 "," 1,043,581 "," 1,132,852 "," 1,080,103 "," 1,045,021 "," 1,045,896 "," 1,108,763 "," 1,175,728 "," 1,191,380 "," 1,228,614 "," 1,141,069 "," 1,162,226 "," 13,360,354 ",
Sudeste/C.Oeste," 6,100,385 "," 6,452,472 "," 6,632,710 "," 6,937,101 "," 6,796,124 "," 6,919,450 "," 7,087,105 "," 7,457,734 "," 7,602,293 "," 7,760,273 "," 7,799,770 "," 7,541,461 "," 85,086,877 ",
Sul," 2,719,545 "," 3,014,269 "," 3,256,574 "," 3,197,900 "," 3,090,050 "," 3,189,258 "," 3,316,931 "," 3,337,129 "," 3,371,910 "," 3,440,774 "," 3,397,337 "," 3,396,186 "," 38,727,863 ",
,,,,,,,,,,,,,,
,2008,,,,,,,,,,,,,
TOTAL INDUSTRIAL (CATIVO + LIVRE),JAN,FEV,MAR,ABR,MAI,JUN,JUL,AGO,SET,OUT,NOV,DEZ,ANO,
," 13,793,348 "," 13,966,620 "," 14,654,558 "," 14,525,049 "," 14,791,423 "," 14,780,520 "," 15,154,269 "," 15,411,790 "," 15,180,074 "," 15,386,185 "," 14,773,048 "," 13,417,173 "," 175,834,058 ",
REGIÃO GEOGRÁFICA,,,,,,,,,,,,,,
Norte," 1,693,977 "," 1,611,751 "," 2,018,809 "," 1,668,564 "," 1,715,375 "," 1,718,212 "," 1,764,485 "," 1,766,623 "," 1,733,007 "," 1,803,297 "," 1,712,875 "," 1,733,324 "," 20,940,299 ",
Nordeste," 1,595,658 "," 1,539,921 "," 1,609,219 "," 1,600,357 "," 1,694,787 "," 1,622,016 "," 1,650,629 "," 1,684,544 "," 1,674,925 "," 1,664,482 "," 1,589,422 "," 1,490,410 "," 19,416,371 ",
Sudeste," 6,445,952 "," 6,583,019 "," 6,657,750 "," 6,833,136 "," 6,907,248 "," 6,968,381 "," 7,121,174 "," 7,366,252 "," 7,235,950 "," 7,277,248 "," 7,110,521 "," 6,306,666 "," 82,813,297 ",
Sul," 3,230,042 "," 3,434,965 "," 3,545,403 "," 3,569,292 "," 3,539,858 "," 3,574,219 "," 3,668,414 "," 3,663,109 "," 3,598,413 "," 3,669,629 "," 3,504,732 "," 3,174,971 "," 42,173,047 ",
Centro-Oeste," 827,719 "," 796,964 "," 823,377 "," 853,700 "," 934,155 "," 897,692 "," 949,567 "," 931,262 "," 937,779 "," 971,529 "," 855,498 "," 711,802 "," 10,491,044 ",
SUBSISTEMA ELÉTRICO,,,,,,,,,,,,,,
Sistemas Isolados," 1,831,617 "," 1,749,057 "," 1,861,604 "," 1,812,050 "," 1,868,766 "," 1,879,257 "," 1,912,671 "," 1,901,766 "," 1,905,751 "," 1,964,012 "," 1,848,776 "," 1,861,836 "," 22,397,163 ",
Norte," 327,366 "," 304,275 "," 621,696 "," 313,885 "," 320,836 "," 324,096 "," 350,571 "," 344,340 "," 338,410 "," 343,854 "," 328,608 "," 323,245 "," 4,241,183 ",
Nordeste," 1,195,284 "," 1,166,601 "," 1,220,565 "," 1,217,111 "," 1,298,331 "," 1,210,222 "," 1,230,235 "," 1,283,919 "," 1,242,935 "," 1,238,564 "," 1,201,937 "," 1,104,307 "," 14,610,011 ",
Sudeste/C.Oeste," 7,209,039 "," 7,311,722 "," 7,405,290 "," 7,612,711 "," 7,763,632 "," 7,792,726 "," 7,992,378 "," 8,218,656 "," 8,094,565 "," 8,170,126 "," 7,888,995 "," 6,952,814 "," 92,412,654 ",
Sul," 3,230,042 "," 3,434,965 "," 3,545,403 "," 3,569,292 "," 3,539,858 "," 3,574,219 "," 3,668,414 "," 3,663,109 "," 3,598,413 "," 3,669,629 "," 3,504,732 "," 3,174,971 "," 42,173,047 ",
,,,,,,,,,,,,,,
,2007,,,,,,,,,,,,,
TOTAL INDUSTRIAL (CATIVO + LIVRE),JAN,FEV,MAR,ABR,MAI,JUN,JUL,AGO,SET,OUT,NOV,DEZ,ANO,
," 13,592,121 "," 13,683,634 "," 14,276,498 "," 14,511,123 "," 14,557,756 "," 14,582,312 "," 14,569,203 "," 14,860,003 "," 14,866,278 "," 14,952,079 "," 15,025,144 "," 14,892,623 "," 174,368,774 ",
REGIÃO GEOGRÁFICA,,,,,,,,,,,,,,
Norte," 1,684,419 "," 1,534,685 "," 1,688,868 "," 1,633,413 "," 1,706,370 "," 1,661,302 "," 1,725,872 "," 1,733,438 "," 1,682,193 "," 1,736,754 "," 1,692,669 "," 1,751,110 "," 20,231,093 ",
Nordeste," 1,463,977 "," 1,349,585 "," 1,477,781 "," 1,505,185 "," 1,530,357 "," 1,519,797 "," 1,600,210 "," 1,631,575 "," 1,601,861 "," 1,677,286 "," 1,634,720 "," 1,666,702 "," 18,659,036 ",
Sudeste," 6,562,225 "," 6,763,914 "," 6,822,036 "," 7,075,920 "," 7,047,986 "," 7,111,084 "," 6,971,516 "," 7,122,305 "," 7,301,780 "," 7,202,841 "," 7,342,532 "," 7,168,664 "," 84,492,803 ",
Sul," 3,076,182 "," 3,242,424 "," 3,422,830 "," 3,440,913 "," 3,389,772 "," 3,457,263 "," 3,429,560 "," 3,491,402 "," 3,449,196 "," 3,481,710 "," 3,527,309 "," 3,492,849 "," 40,901,410 ",
Centro-Oeste," 805,318 "," 793,026 "," 864,983 "," 855,692 "," 883,271 "," 832,866 "," 842,045 "," 881,283 "," 831,248 "," 853,488 "," 827,914 "," 813,298 "," 10,084,432 ",
SUBSISTEMA ELÉTRICO,,,,,,,,,,,,,,
Sistemas Isolados," 1,765,200 "," 1,605,786 "," 1,767,873 "," 1,728,817 "," 1,793,683 "," 1,754,396 "," 1,834,976 "," 1,854,580 "," 1,824,469 "," 1,875,176 "," 1,814,759 "," 1,904,699 "," 21,524,414 ",
Norte," 297,467 "," 277,773 "," 305,063 "," 309,003 "," 329,344 "," 308,712 "," 323,408 "," 344,833 "," 330,021 "," 336,679 "," 336,924 "," 329,501 "," 3,828,728 ",
Nordeste," 1,145,355 "," 1,063,134 "," 1,166,880 "," 1,170,061 "," 1,182,263 "," 1,185,715 "," 1,236,300 "," 1,236,126 "," 1,201,212 "," 1,268,288 "," 1,245,350 "," 1,253,728 "," 14,354,412 ",
Sudeste/C.Oeste," 7,307,917 "," 7,494,517 "," 7,613,852 "," 7,862,329 "," 7,862,694 "," 7,876,226 "," 7,744,959 "," 7,933,062 "," 8,061,380 "," 7,990,226 "," 8,100,802 "," 7,911,846 "," 93,759,810 ",
Sul," 3,076,182 "," 3,242,424 "," 3,422,830 "," 3,440,913 "," 3,389,772 "," 3,457,263 "," 3,429,560 "," 3,491,402 "," 3,449,196 "," 3,481,710 "," 3,527,309 "," 3,492,849 "," 40,901,410 ",
,,,,,,,,,,,,,,
,2006,,,,,,,,,,,,,
TOTAL INDUSTRIAL (CATIVO + LIVRE),JAN,FEV,MAR,ABR,MAI,JUN,JUL,AGO,SET,OUT,NOV,DEZ,ANO,
," 12,851,401 "," 13,044,331 "," 13,382,327 "," 13,531,808 "," 13,406,754 "," 13,568,688 "," 13,696,551 "," 14,164,040 "," 13,825,482 "," 13,952,616 "," 13,989,838 "," 13,766,563 "," 163,180,401 ",
REGIÃO GEOGRÁFICA,,,,,,,,,,,,,,
Norte," 1,591,714 "," 1,457,574 "," 1,617,615 "," 1,576,235 "," 1,611,190 "," 1,586,724 "," 1,653,512 "," 1,685,180 "," 1,635,007 "," 1,686,228 "," 1,632,631 "," 1,685,347 "," 19,418,956 ",
Nordeste," 1,407,662 "," 1,310,648 "," 1,446,040 "," 1,406,471 "," 1,389,350 "," 1,395,941 "," 1,425,945 "," 1,484,528 "," 1,457,652 "," 1,505,750 "," 1,452,604 "," 1,433,255 "," 17,115,847 ",
Sudeste," 6,080,511 "," 6,347,964 "," 6,337,459 "," 6,553,858 "," 6,340,803 "," 6,509,134 "," 6,469,173 "," 6,687,717 "," 6,605,557 "," 6,601,776 "," 6,755,936 "," 6,585,853 "," 77,875,741 ",
Sul," 3,009,129 "," 3,168,168 "," 3,172,110 "," 3,208,236 "," 3,277,834 "," 3,275,843 "," 3,315,443 "," 3,436,354 "," 3,314,560 "," 3,329,559 "," 3,324,015 "," 3,257,962 "," 39,089,214 ",
Centro-Oeste," 762,384 "," 759,978 "," 809,103 "," 787,008 "," 787,577 "," 801,046 "," 832,478 "," 870,261 "," 812,707 "," 829,303 "," 824,653 "," 804,145 "," 9,680,643 ",
SUBSISTEMA ELÉTRICO,,,,,,,,,,,,,,
Sistemas Isolados," 1,658,755 "," 1,515,328 "," 1,725,842 "," 1,671,256 "," 1,699,974 "," 1,684,606 "," 1,753,752 "," 1,792,711 "," 1,740,356 "," 1,783,666 "," 1,731,864 "," 1,783,521 "," 20,541,633 ",
Norte," 282,710 "," 264,502 "," 288,354 "," 275,553 "," 282,866 "," 280,065 "," 288,335 "," 303,082 "," 297,168 "," 307,375 "," 297,987 "," 299,955 "," 3,467,951 ",
Nordeste," 1,114,265 "," 1,046,540 "," 1,114,882 "," 1,101,232 "," 1,077,370 "," 1,082,278 "," 1,104,196 "," 1,140,926 "," 1,119,081 "," 1,167,599 "," 1,119,951 "," 1,099,606 "," 13,287,925 ",
Sudeste/C.Oeste," 6,786,541 "," 7,049,793 "," 7,081,140 "," 7,275,531 "," 7,068,710 "," 7,245,895 "," 7,234,825 "," 7,490,967 "," 7,354,318 "," 7,364,417 "," 7,516,022 "," 7,325,519 "," 86,793,678 ",
Sul," 3,009,129 "," 3,168,168 "," 3,172,110 "," 3,208,236 "," 3,277,834 "," 3,275,843 "," 3,315,443 "," 3,436,354 "," 3,314,560 "," 3,329,559 "," 3,324,015 "," 3,257,962 "," 39,089,214 ",
,,,,,,,,,,,,,,
,2005,,,,,,,,,,,,,
TOTAL INDUSTRIAL (CATIVO + LIVRE),JAN,FEV,MAR,ABR,MAI,JUN,JUL,AGO,SET,OUT,NOV,DEZ,ANO,
," 12,650,753 "," 12,746,540 "," 13,065,261 "," 13,373,989 "," 13,292,320 "," 13,140,406 "," 13,430,446 "," 13,754,713 "," 13,700,583 "," 13,512,368 "," 13,445,264 "," 13,549,854 "," 159,662,497 ",
REGIÃO GEOGRÁFICA,,,,,,,,,,,,,,
Norte," 1,512,430 "," 1,421,249 "," 1,515,821 "," 1,446,877 "," 1,519,693 "," 1,483,847 "," 1,516,020 "," 1,518,198 "," 1,484,538 "," 1,561,251 "," 1,527,926 "," 1,601,461 "," 18,109,311 ",
Nordeste," 1,418,229 "," 1,334,852 "," 1,406,118 "," 1,420,732 "," 1,470,331 "," 1,409,494 "," 1,468,801 "," 1,491,492 "," 1,483,206 "," 1,433,428 "," 1,428,592 "," 1,465,888 "," 17,231,162 ",
Sudeste," 5,851,781 "," 5,995,518 "," 5,996,037 "," 6,296,396 "," 6,212,217 "," 6,218,818 "," 6,317,967 "," 6,446,500 "," 6,513,401 "," 6,474,880 "," 6,469,574 "," 6,346,902 "," 75,139,991 ",
Sul," 2,982,621 "," 3,130,700 "," 3,218,027 "," 3,269,156 "," 3,293,072 "," 3,251,109 "," 3,282,616 "," 3,311,424 "," 3,255,646 "," 3,233,357 "," 3,236,777 "," 3,210,698 "," 38,675,204 ",
Centro-Oeste," 885,693 "," 864,221 "," 929,258 "," 940,828 "," 797,006 "," 777,138 "," 845,043 "," 987,098 "," 963,793 "," 809,452 "," 782,394 "," 924,905 "," 10,506,828 ",
SUBSISTEMA ELÉTRICO,,,,,,,,,,,,,,
Sistemas Isolados," 1,580,815 "," 1,506,013 "," 1,601,497 "," 1,546,746 "," 1,623,514 "," 1,582,235 "," 1,620,507 "," 1,613,481 "," 1,588,914 "," 1,649,678 "," 1,623,474 "," 1,693,990 "," 19,230,864 ",
Norte," 281,485 "," 258,731 "," 286,481 "," 274,048 "," 284,872 "," 290,591 "," 287,396 "," 298,717 "," 290,638 "," 297,804 "," 284,699 "," 314,500 "," 3,449,963 ",
Nordeste," 1,129,570 "," 1,051,176 "," 1,103,824 "," 1,120,325 "," 1,154,874 "," 1,087,054 "," 1,144,500 "," 1,168,767 "," 1,155,893 "," 1,110,902 "," 1,110,470 "," 1,125,899 "," 13,463,254 ",
Sudeste/C.Oeste," 6,676,262 "," 6,799,919 "," 6,855,433 "," 7,163,714 "," 6,935,987 "," 6,929,417 "," 7,095,427 "," 7,362,323 "," 7,409,492 "," 7,220,628 "," 7,189,844 "," 7,204,767 "," 84,843,212 ",
Sul," 2,982,621 "," 3,130,700 "," 3,218,027 "," 3,269,156 "," 3,293,072 "," 3,251,109 "," 3,282,616 "," 3,311,424 "," 3,255,646 "," 3,233,357 "," 3,236,777 "," 3,210,698 "," 38,675,204 ",
,,,,,,,,,,,,,,
,2004,,,,,,,,,,,,,
TOTAL INDUSTRIAL (CATIVO + LIVRE),JAN,FEV,MAR,ABR,MAI,JUN,JUL,AGO,SET,OUT,NOV,DEZ,ANO,
," 12,008,852 "," 12,141,417 "," 12,608,413 "," 12,887,291 "," 12,832,712 "," 13,107,636 "," 13,306,807 "," 13,592,341 "," 13,460,815 "," 13,534,733 "," 13,447,777 "," 13,391,884 "," 156,320,675 ",
REGIÃO GEOGRÁFICA,,,,,,,,,,,,,,
Norte," 1,454,832 "," 1,378,976 "," 1,501,488 "," 1,457,507 "," 1,515,843 "," 1,492,311 "," 1,531,094 "," 1,579,833 "," 1,499,149 "," 1,572,949 "," 1,521,354 "," 1,554,802 "," 18,060,138 ",
Nordeste," 1,311,927 "," 1,270,061 "," 1,353,851 "," 1,353,221 "," 1,363,681 "," 1,380,038 "," 1,422,592 "," 1,454,887 "," 1,460,225 "," 1,449,769 "," 1,461,142 "," 1,475,648 "," 16,757,041 ",
Sudeste," 5,377,497 "," 5,590,233 "," 5,539,001 "," 5,868,254 "," 5,796,591 "," 6,020,741 "," 6,080,202 "," 6,170,706 "," 6,215,780 "," 6,234,684 "," 6,364,445 "," 6,253,890 "," 71,512,024 ",
Sul," 2,999,284 "," 3,048,151 "," 3,299,177 "," 3,298,622 "," 3,252,436 "," 3,273,929 "," 3,301,514 "," 3,397,029 "," 3,324,849 "," 3,307,039 "," 3,187,236 "," 3,170,861 "," 38,860,127 ",
Centro-Oeste," 865,312 "," 853,996 "," 914,896 "," 909,687 "," 904,160 "," 940,618 "," 971,404 "," 989,886 "," 960,811 "," 970,292 "," 913,600 "," 936,683 "," 11,131,345 ",
SUBSISTEMA ELÉTRICO,,,,,,,,,,,,,,
Sistemas Isolados," 1,487,226 "," 1,417,081 "," 1,533,961 "," 1,526,038 "," 1,554,063 "," 1,553,821 "," 1,595,240 "," 1,655,293 "," 1,580,248 "," 1,624,618 "," 1,574,550 "," 1,603,499 "," 18,705,639 ",
Norte," 293,699 "," 287,112 "," 311,457 "," 300,226 "," 306,760 "," 302,912 "," 303,149 "," 315,886 "," 307,398 "," 317,370 "," 320,782 "," 323,814 "," 3,690,567 ",
Nordeste," 1,044,744 "," 1,003,692 "," 1,077,344 "," 1,059,966 "," 1,077,982 "," 1,086,874 "," 1,127,606 "," 1,139,298 "," 1,138,628 "," 1,150,478 "," 1,153,223 "," 1,169,929 "," 13,229,764 ",
Sudeste/C.Oeste," 6,183,899 "," 6,385,381 "," 6,386,473 "," 6,702,440 "," 6,641,470 "," 6,890,100 "," 6,979,297 "," 7,084,834 "," 7,109,691 "," 7,135,228 "," 7,211,985 "," 7,123,781 "," 81,834,579 ",
Sul," 2,999,284 "," 3,048,151 "," 3,299,177 "," 3,298,622 "," 3,252,436 "," 3,273,929 "," 3,301,514 "," 3,397,029 "," 3,324,849 "," 3,307,039 "," 3,187,236 "," 3,170,861 "," 38,860,127 ",
,,,,,,,,,,,,,,
